"Title","Project ID","Type","URL"
"Download Mac","penguin_physics","Download","http://dl.dropbox.com/u/4409422/PenguinPhysics.zip"
"Download","wii_pong","Download","http://dl.dropbox.com/u/4409422/WiiPong.zip"
"Download Android","party_time","Download","https://play.google.com/store/apps/details?id=n3.Software.PartyTime"
"Facebook","party_time","Website","http://www.facebook.com/pages/Party-Time/325461627398"
"Download Android","alphabet_attack","Download","https://play.google.com/store/apps/details?id=n3.Software.AlphabetAttack"
"Facebook","alphabet_attack","Website","http://www.facebook.com/pages/Alphabet-Attack/112236218806548"
"Download Android","five_oclock","Download","https://play.google.com/store/apps/details?id=n3.Software.FiveOclock"
"Facebook","five_oclock","Website","http://www.facebook.com/pages/Its-5-OClock-Somewhere/322191856902"
"Website","gooman","Website","http://www.tcnj.edu/~bailey26/Gooman/"
"Website","planeteers","Website","http://www.tcnj.edu/~bailey26/Planeteers/home.php"
"Download iOS","tcnj_tour","Download","http://itunes.apple.com/us/app/college-new-jersey-campus/id446120449"
"Website","weatherwise","Website","https://www.localwisdom.com/labs/weatherwise-mobile-app/"
"Website","wooble_attack","Website","https://www.localwisdom.com/labs/woobleattack-mobile-app/"
"Download Mac","phobia","Download","http://dl.dropbox.com/u/4409422/PhobiaMac.zip"
"Download PC","phobia","Download","http://dl.dropbox.com/u/4409422/PhobiaPC.zip"
"Concept to Creation","amg_powerwall","Website","https://vimeo.com/164468836"
"Sizzle Reel","amg_powerwall","Video","https://vimeo.com/149297871"
"Sizzle Reel","tru_store","Video","https://vimeo.com/369923610"
"Sizzle Reel","mgh_grmr_wndrlnd_el,mgh_grmr_wndrlnd_pr","Video","https://vimeo.com/132143410"
"VR Demo","cadillac_vr","Video","https://vimeo.com/233680762"
"Sizzle Reel","cadillac_vr","Video","https://vimeo.com/228712004"
"Dealer Perspective","cadillac_vr","Video","https://vimeo.com/256422632"
"Website","roomies","Website","https://3djon.itch.io/roomies"
"Website","abk","Website","https://www.albrightknox.org/community/innovation-lab/artgames-20"
"M.A.R.S. - Gameplay Trailer","mars","Video","https://vimeo.com/350332658"
"More Information","mars","Website","https://allthingsmedia.com/news/moredetails/372"